,nome,ratio,gênero_real,gênero_predito
49223,kenni,0.7111111111111111,M,F
32773,gilvanne,1.0,M,F
55545,mab,1.0,F,M
6958,arami,0.8676470588235294,M,F
19383,dircemar,1.0,F,M
78488,tomires,0.5799086757990868,M,F
92839,devanyr,1.0,M,F
33974,goethe,1.0,M,F
14111,clis,0.717391304347826,F,M
74953,sineir,1.0,M,F
55116,lurdi,1.0,F,M
52252,leovir,0.5906040268456376,F,M
76882,tanicler,1.0,F,M
56330,manduca,1.0,M,F
42682,jenair,0.5490196078431373,F,M
56072,mailu,1.0,F,M
43463,jhoane,1.0,F,M
75934,suiam,1.0,F,M
87454,wastir,1.0,F,M
69489,riccelli,1.0,M,F
60518,mosart,1.0,M,F
32532,giliadi,1.0,M,F
35852,hermane,1.0,M,F
96448,divini,1.0,M,F
68375,raveli,0.6050955414012739,M,F
81586,veronique,1.0,F,M
54887,lue,1.0,F,M
20853,edcler,0.5660377358490566,F,M
30313,geazir,1.0,M,F
90476,aiaco,1.0,F,M
29660,francineis,0.6019417475728155,F,M
44951,jonata,0.9839548225170311,M,F
70807,roneli,0.5054945054945055,M,F
86092,silar,1.0,F,M
18381,dhomini,1.0,M,F
17222,denarci,1.0,M,F
16395,deby,1.0,F,M
72499,rutinei,0.5363636363636364,F,M
48813,keico,1.0,F,M
87842,simonr,1.0,F,M
76817,tamis,0.8947368421052632,F,M
94223,creonir,0.5,F,M
45775,joseri,1.0,M,F
35947,herodias,1.0,F,M
75721,suad,1.0,F,M
66795,percides,1.0,F,M
72614,sacramento,1.0,F,M
82028,vivan,1.0,F,M
87967,mauricei,1.0,F,M
37837,ilie,1.0,M,F
81924,virgimar,1.0,F,M
92446,klair,1.0,F,M
50413,lafaiete,0.9707088459285296,M,F
8121,astrid,1.0,F,M
59194,mercedis,1.0,F,M
95372,helii,1.0,M,F
100462,dinail,1.0,F,M
14366,cornelis,1.0,M,F
92485,corol,1.0,F,M
4397,alli,1.0,M,F
93276,derceli,0.5168539325842697,M,F
37658,ildair,0.6159420289855072,F,M
43253,jete,1.0,M,F
59156,mendonca,1.0,M,F
95874,adeja,1.0,M,F
82519,wali,0.6473684210526316,F,M
6735,antonine,1.0,M,F
33954,glorimar,0.8166666666666667,F,M
35846,herly,0.5330739299610895,M,F
63818,nitai,1.0,M,F
20002,donzete,1.0,M,F
8228,ataualpa,1.0,M,F
76286,syang,1.0,F,M
20268,dorvile,1.0,M,F
14094,climenes,1.0,F,M
95684,odet,1.0,F,M
66963,piedade,1.0,F,M
50838,laude,0.7526881720430108,F,M
78329,tibirica,1.0,M,F
131,abigail,0.9824323012714744,F,M
25913,erem,1.0,F,M
91336,melhem,1.0,M,F
80559,valvite,1.0,M,F
70867,roniele,0.6727140783744557,M,F
8279,athais,1.0,F,M
33427,glaucer,1.0,F,M
42824,jeoane,1.0,M,F
30168,galba,0.5464098073555166,M,F
23602,elider,1.0,F,M
75762,suedir,0.5106382978723404,F,M
30906,generi,0.6666666666666666,M,F
21780,edir,0.5043704228679423,F,M
41699,janimar,0.7232142857142857,F,M
99350,yora,1.0,M,F
34599,hadassah,1.0,F,M
73346,sauri,0.5161290322580645,F,M
31971,gevani,0.6219512195121951,M,F
48337,karon,1.0,F,M
75236,smaily,1.0,M,F
92908,naomir,1.0,F,M
90863,alides,0.5985130111524164,M,F
53830,loiri,0.8571428571428571,F,M
13600,cleomi,1.0,M,F
94380,sirdelei,1.0,M,F
62451,nelim,1.0,M,F
51720,leivinha,1.0,M,F
44149,jocelis,1.0,F,M
45116,joracy,0.6422018348623854,F,M
98376,eyko,1.0,F,M
73297,sascha,1.0,M,F
84458,wolgrand,1.0,M,F
81587,veronis,1.0,F,M
74089,sherom,1.0,F,M
48816,keid,0.6956521739130435,F,M
89478,nicula,1.0,M,F
32816,gimi,1.0,M,F
82377,walderes,0.7833333333333333,F,M
79517,valdece,0.6363636363636364,M,F
22192,ednar,0.7864864864864864,F,M
23130,elei,0.5272727272727272,F,M
13995,clevi,0.5619047619047619,F,M
32788,gilvone,0.6376811594202898,F,M
73872,sevenir,1.0,M,F
90999,ilones,1.0,F,M
23775,elieze,0.8378839590443686,M,F
19403,dircione,1.0,F,M
82213,wagnar,0.7591240875912408,F,M
21467,ediles,0.927007299270073,F,M
75467,sony,0.5673352435530086,M,F
87362,celeir,1.0,F,M
7265,ariclenis,1.0,M,F
15063,daguimar,0.8292682926829268,F,M
6520,aniz,1.0,M,F
15905,daren,1.0,F,M
45621,joselin,0.5503875968992248,M,F
10947,casuza,1.0,M,F
79888,valdici,0.7799295774647887,F,M
38495,iracil,1.0,F,M
68154,ranir,1.0,M,F
80720,vanderlande,0.6190476190476191,M,F
34421,gudrun,1.0,F,M
89579,eunar,1.0,F,M
30035,frederich,1.0,M,F
72678,saidy,1.0,M,F
2334,aguinele,1.0,M,F
17845,deusdet,0.8838709677419355,M,F
12807,claudiny,1.0,M,F
2590,ajurimar,0.524390243902439,F,M
38311,inima,0.7333333333333333,M,F
89319,calede,1.0,M,F
48823,keiko,0.9726134585289516,F,M
75386,soly,0.5833333333333334,M,F
91270,guiamar,1.0,F,M
45827,josi,0.901630627437079,F,M
81189,varly,0.5818181818181818,F,M
9498,benfica,1.0,M,F
27815,euzimar,0.625,F,M
72718,saldanha,0.7672413793103449,M,F
80161,valente,1.0,M,F
40974,jainir,1.0,M,F
9848,bini,1.0,M,F
42008,jaride,0.5925925925925926,M,F
28418,ezequia,1.0,M,F
76450,tahis,1.0,F,M
43057,jese,0.9756280464941882,M,F
10764,carmin,0.7909604519774012,F,M
70273,rocine,1.0,M,F
90758,cidy,0.6395348837209303,M,F
97845,marnez,1.0,F,M
9783,beverly,1.0,F,M
96003,ortega,1.0,M,F
57023,mariceu,0.6835443037974683,F,M
20693,eberli,1.0,M,F
27958,evangelista,0.9046577055329792,M,F
37806,iles,0.5604395604395604,M,F
27489,eulle,1.0,M,F
98908,loredir,1.0,M,F
8073,assi,0.5816326530612245,M,F
70763,rondinele,0.9806114839671888,M,F
8289,athila,0.8739495798319328,M,F
70765,rondineli,1.0,M,F
75873,suen,1.0,F,M
58276,maspoli,1.0,M,F
28930,fidele,1.0,M,F
75447,sonimar,0.7255369928400954,F,M
55211,lusinei,0.5590551181102362,M,F
16074,darni,0.5454545454545454,M,F
99121,taliz,1.0,M,F
79833,valdet,0.7448275862068966,F,M
20595,dutra,1.0,M,F
28195,every,0.5686274509803921,F,M
53303,linike,1.0,M,F
56387,manu,0.6648648648648648,F,M
35190,helcione,1.0,F,M
78655,turene,1.0,M,F
31890,gessir,0.6333333333333333,F,M
35138,heinrich,1.0,M,F
44704,johnnie,1.0,M,F
13454,clement,1.0,M,F
4881,alvice,1.0,M,F
57677,marizel,1.0,F,M
52876,lies,0.5970149253731343,F,M
89475,ideko,1.0,F,M
62691,neres,0.6166281755196305,M,F
95902,kedimar,1.0,F,M
43891,joama,1.0,F,M
7913,arthemis,1.0,F,M
100250,jalmires,1.0,M,F
26050,eridam,0.8506224066390041,F,M
77267,taynan,0.5087548638132295,F,M
50261,labibe,1.0,F,M
70604,romenigue,1.0,M,F
6926,aradir,1.0,F,M
80179,valery,0.8506787330316742,F,M
71764,rosivelte,1.0,M,F
47968,kaiuri,1.0,M,F
15729,danizete,0.5285087719298246,M,F
96252,vile,1.0,M,F
55065,lulu,0.6056338028169014,F,M
30029,freddy,1.0,M,F
52630,liberty,1.0,F,M
44142,jocelin,0.7831325301204819,M,F
4651,altai,0.7478991596638656,M,F
59408,miako,1.0,F,M
85075,yvonne,1.0,F,M
49211,kenne,0.5238095238095238,M,F
71004,roosivelt,1.0,M,F
80232,vallery,1.0,F,M
28967,filipa,1.0,F,M
62990,neusir,0.5677966101694916,F,M
16688,deizimar,1.0,F,M
60327,moise,1.0,M,F
60896,nadjair,1.0,F,M
83276,wellen,0.8529026625927543,F,M
76948,tarci,0.6892430278884463,M,F
51467,lei,0.5184049079754601,F,M
734,adejaci,0.5211267605633803,M,F
90201,macoli,1.0,M,F
63937,noa,0.5447154471544715,M,F
9103,ayure,1.0,F,M
16071,darmi,0.7142857142857143,M,F
58026,marquit,1.0,F,M
91089,xilei,1.0,F,M
7278,arides,0.8451612903225807,M,F
97704,egnez,1.0,F,M
2068,agaci,0.7168141592920354,M,F
57922,marluz,0.7239583333333334,F,M
80242,valmari,0.5205479452054794,M,F
52592,lianor,1.0,F,M
47296,juniar,1.0,F,M
58554,mavis,1.0,F,M
93074,leonore,1.0,F,M
1250,adey,1.0,F,M
81651,vick,0.813953488372093,F,M
36408,hisis,1.0,F,M
46445,joys,1.0,F,M
41830,janys,1.0,F,M
46975,juelci,0.5660377358490566,M,F
46908,juddy,1.0,F,M
80255,valmeres,1.0,F,M
59063,melkis,1.0,M,F
32811,gime,1.0,M,F
76766,tamar,0.7030456852791879,F,M
33257,givone,1.0,F,M
100050,beniz,1.0,M,F
59160,meneleu,1.0,M,F
48805,kefren,1.0,M,F
17896,deusidete,0.7103825136612022,M,F
25831,erbet,1.0,M,F
75240,smith,1.0,M,F
59320,merivan,0.6816143497757847,F,M
35474,heloides,1.0,F,M
91226,anal,1.0,F,M
91031,iudener,1.0,F,M
79284,vadeci,0.7472527472527473,M,F
89974,vagine,1.0,M,F
36921,iarli,0.8768472906403941,M,F
813,adeles,1.0,F,M
50501,lair,0.5450225112556278,M,F
19935,donatha,1.0,M,F
66512,padua,1.0,M,F
6299,angelis,0.8755020080321285,F,M
15047,dagmar,0.8712770862148456,F,M
75361,solinei,0.5363636363636364,M,F
48985,kelismar,0.5432098765432098,F,M
95882,jennifr,1.0,F,M
5418,anacris,1.0,F,M
33334,gladimar,0.5,F,M
90002,sidneiy,1.0,M,F
60387,monicke,1.0,F,M
49801,kielse,1.0,M,F
79034,uilde,0.6866666666666666,M,F
86078,jocedi,1.0,F,M
1357,adiles,0.8504056795131846,F,M
97869,alasi,1.0,M,F
35639,henis,1.0,M,F
2522,airlis,1.0,F,M
32531,giliade,1.0,M,F
39348,ismayle,1.0,M,F
70882,roniely,0.6425992779783394,M,F
58405,maurecir,1.0,M,F
4665,altamiranda,0.7089552238805971,M,F
46508,jozia,1.0,M,F
37323,idevanir,0.5125,M,F
30542,geis,0.7894736842105263,F,M
56388,manua,1.0,M,F
16113,das,0.8948497854077253,F,M
48992,kell,0.6754385964912281,F,M
69585,ridamar,0.7870370370370371,F,M
29958,franquilane,1.0,M,F
5205,amber,1.0,F,M
31689,gerti,1.0,F,M
51570,leidione,0.6025641025641025,M,F
46791,jucilande,0.7169811320754716,M,F
92539,chiler,1.0,F,M
25331,encarnacao,1.0,F,M
5156,amaris,1.0,F,M
10389,calu,1.0,F,M
2804,alay,0.5660377358490566,F,M
16084,dart,1.0,F,M
74256,siddhartha,1.0,M,F
48784,kecy,0.5166666666666667,M,F
6297,angelique,1.0,F,M
55851,magela,0.5014164305949008,M,F
100333,aquel,1.0,F,M
26683,ervane,1.0,M,F
14275,concepcion,1.0,F,M
33714,gleike,1.0,M,F
25133,emico,1.0,F,M
68569,rebekah,1.0,F,M
66223,otile,1.0,M,F
81208,vasthi,1.0,F,M
60986,nagibe,0.865874363327674,M,F
30208,garcia,0.9272076372315036,M,F
94921,osca,1.0,M,F
85094,zaclis,1.0,F,M
81795,villi,1.0,M,F
98000,alibe,1.0,F,M
21892,edivanes,0.5,F,M
20773,ecler,0.5348837209302325,F,M
70533,romaci,1.0,M,F
99855,nailer,1.0,F,M
11911,cide,0.9120287253141832,M,F
66773,penelope,1.0,F,M
63075,neves,0.6919831223628692,F,M
11483,ceza,1.0,M,F
79632,valdeliz,1.0,F,M
75913,suetone,1.0,M,F
9854,bira,1.0,M,F
79640,valdely,0.5,F,M
43149,jessey,0.5131578947368421,F,M
71776,rosli,1.0,F,M
86791,perreira,1.0,M,F
99803,tacaco,1.0,F,M
22795,elai,0.8,F,M
62148,nefe,1.0,M,F
86294,brene,0.9049429657794676,M,F
73959,shanti,1.0,F,M
9543,benites,1.0,M,F
99638,giba,1.0,M,F
36276,hildgar,1.0,F,M
62868,neudi,0.8231292517006803,M,F
18440,diamar,1.0,F,M
34488,guilmar,0.6273291925465838,F,M
68222,raony,1.0,M,F
57832,marlies,1.0,F,M
54357,lucemar,0.5420240137221269,F,M
75914,suetoni,1.0,M,F
65394,orange,1.0,M,F
34655,haider,0.7101449275362319,F,M
86731,laiser,1.0,F,M
67663,railande,0.6033057851239669,M,F
37891,ilmair,1.0,F,M
91985,valdele,0.5,F,M
99370,lar,1.0,F,M
41339,janair,0.647982062780269,F,M
46968,judy,0.929530201342282,F,M
25332,encarnacion,1.0,F,M
96970,izbel,1.0,F,M
16581,deiser,1.0,F,M
4489,almides,0.5357142857142857,F,M
57916,marlui,1.0,F,M
28104,even,0.8874538745387454,F,M
97740,huilha,1.0,M,F
100589,kennide,1.0,M,F
62454,nelin,1.0,M,F
195,abnoan,0.5154639175257731,F,M
99328,eliezr,1.0,M,F
27504,eun,1.0,F,M
89568,sirler,1.0,F,M
84827,yoha,1.0,M,F
19480,diuare,1.0,M,F
61461,nardir,0.647887323943662,F,M
88888,cairan,1.0,M,F
95148,frankili,1.0,M,F
22712,eidir,0.5147058823529411,F,M
87496,valdileis,1.0,M,F
22569,edyr,0.6098654708520179,F,M
85498,zezimar,1.0,M,F
85121,zaime,0.5294117647058824,M,F
94648,guna,1.0,M,F
29725,francir,0.6571428571428571,F,M
56356,manoa,0.7142857142857143,M,F
25654,enoe,0.8879668049792531,F,M
40770,jady,0.9597093791281374,F,M
52844,lieger,1.0,F,M
63664,nilzemar,1.0,F,M
36928,iarly,0.7902621722846442,M,F
61291,nalin,1.0,F,M
75325,solei,1.0,F,M
4485,almica,1.0,M,F
100512,cristianr,1.0,F,M
58783,mayran,0.578125,M,F
73167,sanir,0.6263736263736264,M,F
82132,vone,0.5233644859813084,F,M
26373,erlem,0.7536231884057971,F,M
41996,jaredes,1.0,M,F
50390,laerth,1.0,M,F
24986,elzevir,1.0,M,F
60552,moza,0.7763975155279503,M,F
61303,nalmir,0.5321888412017167,F,M
5035,amabel,0.86,F,M
33843,gleudes,0.5365853658536586,F,M
29253,florismar,0.5731593662628145,F,M
57157,marilack,1.0,F,M
29161,flordiniz,1.0,F,M
15420,dalvacir,0.8951310861423221,F,M
65044,olide,0.5245901639344263,M,F
40839,jaguaracy,1.0,F,M
52472,levani,0.6491228070175439,M,F
35083,hedir,0.6226415094339622,F,M
21727,ediniz,0.7737226277372263,M,F
49872,kione,0.6276595744680851,M,F
67417,raabi,1.0,F,M
65825,osanar,1.0,M,F
73329,saude,1.0,F,M
4564,aloni,0.5833333333333334,M,F
5126,amarante,0.896414342629482,M,F
29322,fracimar,0.7026239067055393,M,F
35468,heloar,1.0,F,M
40134,ivys,0.8306451612903226,M,F
39250,islande,0.5862068965517241,M,F
6896,aracari,1.0,F,M
6980,aranis,1.0,M,F
50584,lamartine,1.0,M,F
20262,dorvane,1.0,M,F
35045,heby,1.0,F,M
87714,olveira,1.0,M,F
10781,carmona,1.0,M,F
72776,salmi,1.0,M,F
50269,lacides,1.0,M,F
53574,liv,1.0,F,M
2241,agneli,1.0,M,F
48959,kelian,1.0,F,M
92983,rutilei,1.0,F,M
71219,rosedi,1.0,F,M
85213,zarif,1.0,F,M
78897,uelem,1.0,F,M
81507,verimar,0.7107438016528925,F,M
87119,mercedez,1.0,F,M
86569,jia,1.0,M,F
20684,ebeneze,1.0,M,F
93417,elamir,1.0,F,M
6256,aney,1.0,F,M
86232,lavozie,1.0,M,F
79109,uita,1.0,M,F
55278,luyd,1.0,M,F
34503,guiniver,1.0,F,M
60449,monyck,1.0,F,M
71316,rosemar,0.776278118609407,F,M
50598,lamoni,1.0,M,F
60453,monyque,1.0,F,M
89630,jennier,1.0,F,M
67435,rachide,1.0,M,F
65981,osmani,1.0,M,F
55053,luka,0.9558173784977908,M,F
57123,mariester,1.0,F,M
62686,nerei,1.0,M,F
67429,rachel,0.9931440625824032,F,M
25832,erbete,1.0,M,F
78561,traudi,1.0,F,M
30200,gamarra,1.0,M,F
71120,rosami,1.0,F,M
69847,risoni,1.0,F,M
63980,noe,0.9919401825597204,M,F
43717,jinny,0.5483870967741935,M,F
33453,glaucimar,0.6638655462184874,F,M
6045,andrie,0.9108527131782944,M,F
57556,marisol,0.9911908646003262,F,M
43173,jessik,1.0,F,M
40161,izabor,1.0,F,M
29714,franciole,0.6486486486486487,M,F
59610,miho,1.0,F,M
23400,elgen,1.0,M,F
53417,liriel,0.9065934065934066,F,M
94903,debi,1.0,F,M
6483,anis,0.7665198237885462,M,F
5401,anaclan,1.0,F,M
24761,elsir,0.5774647887323944,F,M
53974,lorian,0.6256983240223464,M,F
74115,shiguemi,1.0,M,F
89170,inaldir,1.0,F,M
50551,laizer,1.0,F,M
31412,gerdi,0.6190476190476191,F,M
28865,feng,0.527027027027027,F,M
66517,paiol,1.0,F,M
64510,odaires,0.6521739130434783,M,F
10302,cale,1.0,M,F
20254,dorvaci,0.7025316455696202,M,F
73675,seme,1.0,M,F
33699,gleidmar,0.5072463768115942,F,M
14313,consuelo,0.9879253567508232,F,M
88373,jiliade,1.0,M,F
18663,dierli,0.5783132530120482,M,F
13855,cleudis,0.6047619047619047,F,M
26374,erlen,0.716710182767624,F,M
2376,aid,1.0,F,M
54440,lucicler,1.0,F,M
2882,albenides,1.0,M,F
66419,ozilde,1.0,M,F
68026,ramy,0.6461538461538462,M,F
9219,bandeira,1.0,M,F
5911,andreide,1.0,M,F
36128,hiata,1.0,M,F
77658,thaide,1.0,M,F
65115,oliveira,0.9329183955739973,M,F
51143,lausimar,0.5980392156862745,F,M
95248,stanly,1.0,M,F
64307,nuri,0.6590909090909091,F,M
26421,ermane,1.0,M,F
2390,aidil,0.9682539682539684,F,M
53451,lisarb,0.5,F,M
6238,anes,0.6138613861386139,F,M
59669,milagros,1.0,F,M
93440,ercule,1.0,M,F
60416,moniqui,1.0,F,M
19608,divone,0.9134199134199136,F,M
100672,ribama,1.0,M,F
87145,jameli,0.6149068322981367,M,F
65208,one,0.5094339622641509,M,F
17858,deusedir,1.0,F,M
81548,verly,1.0,F,M
81067,vanis,0.5655172413793104,F,M
67416,raabe,0.9343794579172612,F,M
27400,eugen,1.0,M,F
4506,almirante,1.0,M,F
25788,erandi,0.7725321888412017,M,F
17395,denny,0.9130434782608696,M,F
60620,muriell,1.0,F,M
8095,assuncion,1.0,F,M
50600,lamonie,1.0,M,F
89744,rini,0.684931506849315,M,F
56308,mamedi,1.0,M,F
54961,luige,1.0,M,F
59367,messala,1.0,M,F
24488,elky,0.75,F,M
20928,edelei,1.0,M,F
50410,lafaeti,1.0,M,F
39028,isabell,1.0,F,M
15328,dalimar,1.0,F,M
86776,noecir,0.589041095890411,M,F
42381,jece,0.911042944785276,M,F
21693,edinez,1.0,F,M
39063,isafran,1.0,F,M
89289,jeremia,1.0,M,F
86274,elielmar,1.0,F,M
88369,renai,1.0,F,M
57154,maril,0.5342465753424658,F,M
85643,zimar,0.5939849624060151,F,M
78492,tomoe,1.0,F,M
2489,ainoam,1.0,F,M
49845,kimber,1.0,F,M
47473,juruna,1.0,M,F
70340,rodine,1.0,M,F
17021,delorges,1.0,M,F
21337,ediga,1.0,M,F
15407,dalti,0.7757009345794392,F,M
47,abegail,1.0,F,M
99624,jessicar,1.0,F,M
39116,isami,0.5686274509803921,M,F
5305,amineres,1.0,F,M
66998,pitagora,1.0,M,F
84241,wilse,0.863013698630137,F,M
74899,sinair,0.5625,M,F
22017,edlamar,0.9622926093514328,F,M
74854,simione,0.7218543046357616,M,F
46934,judie,1.0,F,M
28202,evian,1.0,F,M
62938,neuris,0.5116279069767442,M,F
65362,oracildes,1.0,M,F
15376,dalme,1.0,M,F
27268,eude,0.8025751072961373,M,F
48778,keci,0.6542056074766355,M,F
80563,valzenir,0.6307692307692307,M,F
77751,thale,1.0,M,F
87494,evilei,1.0,F,M
65167,oma,1.0,M,F
81897,vinny,1.0,M,F
83477,wene,0.519434628975265,M,F
4911,alvize,1.0,M,F
58823,mazart,1.0,M,F
67133,prentice,1.0,M,F
31824,gesne,1.0,M,F
63678,nilzimar,0.8717948717948718,F,M
76417,tae,0.6299212598425197,M,F
5022,alzires,1.0,M,F
83801,whellen,1.0,F,M
42477,jefete,1.0,M,F
6428,aniger,0.5396825396825397,F,M
49814,kildere,1.0,M,F
9884,blaine,1.0,M,F
2878,albeni,0.5644699140401146,M,F
13286,cleidismar,0.6120689655172413,F,M
64271,nubian,1.0,F,M
34774,hamilcar,1.0,M,F
9411,belquiz,1.0,F,M
18710,dijaci,0.7,M,F
75980,suleiman,1.0,M,F
64764,odines,0.574468085106383,F,M
24552,elmair,0.6,M,F
27401,eugene,1.0,M,F
56331,mane,1.0,M,F
8507,audrei,0.6695957820738138,F,M
18731,dijanir,0.6190476190476191,F,M
76107,susian,1.0,F,M
33948,glori,1.0,F,M
21196,edgle,1.0,M,F
56140,mairone,0.717948717948718,M,F
72390,rumenigue,1.0,M,F
85977,carnen,1.0,F,M
49518,ketler,1.0,F,M
8143,atahualpa,1.0,M,F
29915,franklane,0.5949367088607594,M,F
58277,massaco,1.0,F,M
23643,elie,0.628808864265928,M,F
45459,joseanes,1.0,F,M
81,abeni,0.5507246376811594,M,F
51489,leicir,1.0,F,M
1366,adili,0.5324675324675324,M,F
98012,luite,1.0,M,F
71473,rosian,0.7478260869565218,F,M
1749,adoracion,1.0,F,M
687,adegmar,0.5355805243445693,F,M
78296,tiaga,0.656,M,F
76419,taeko,1.0,F,M
53764,loeri,0.8370607028753994,F,M
38588,iramir,0.6046931407942239,F,M
67358,quessi,1.0,M,F
27443,eule,1.0,M,F
98260,horides,0.5370370370370371,M,F
4793,alvaci,0.5309033280507132,M,F
99744,suey,1.0,F,M
84840,yoiti,1.0,M,F
53874,lonir,0.5578947368421052,F,M
45183,jordeci,0.8414634146341463,M,F
26004,erice,0.6959459459459459,M,F
36376,hirlei,0.5714285714285714,F,M
21166,edevanir,0.6243093922651933,M,F
70349,rodinelli,1.0,M,F
59373,messody,1.0,F,M
60755,nabuco,1.0,M,F
85615,zilnei,0.6974789915966386,M,F
99698,irenei,1.0,M,F
40280,izar,0.7883817427385892,F,M
2478,aimore,1.0,M,F
98600,irmam,1.0,F,M
90511,karey,1.0,F,M
97585,macioni,1.0,M,F
83475,wendy,0.8863077343536485,F,M
9724,bertrand,1.0,M,F
52380,leucimar,0.6142857142857143,M,F
62846,neucimar,0.5539906103286385,M,F
90995,siler,1.0,F,M
90857,nicolr,1.0,F,M
33977,goiamar,1.0,F,M
49431,keter,1.0,F,M
60280,moaci,0.9924812030075189,M,F
65039,olice,0.7046413502109705,M,F
85215,zarife,1.0,F,M
79548,valdege,1.0,F,M
35963,heronides,0.883248730964467,M,F
36015,hesly,1.0,M,F
16004,darlen,0.6344086021505376,F,M
17247,deni,0.5693233082706767,M,F
46995,jugurta,1.0,M,F
15873,darcione,0.5,F,M
50977,laure,1.0,F,M
86397,fumiyo,1.0,F,M
44125,jocelei,0.5637480798771122,F,M
41777,jannis,1.0,F,M
50059,kleo,1.0,F,M
9423,bemair,1.0,F,M
57855,marlis,0.8844884488448845,F,M
57168,marilandes,1.0,F,M
37689,ildeir,0.6204379562043796,F,M
35647,henoch,1.0,M,F
82248,wala,0.8858131487889274,M,F
45174,jordany,0.7052631578947368,F,M
74283,sideni,0.5328467153284672,M,F
100409,mizrain,1.0,F,M
17166,demi,0.7441860465116279,M,F
6652,antides,1.0,M,F
73336,sauli,1.0,M,F
11600,charli,0.817351598173516,M,F
55038,luizimar,1.0,M,F
80715,vanderla,0.8791208791208791,M,F
90267,ialen,0.5901639344262295,M,F
71772,roslei,0.5826086956521739,F,M
87768,sophy,1.0,F,M
99353,ether,1.0,F,M
59191,mercede,1.0,F,M
90103,migue,1.0,M,F
95813,irajar,1.0,M,F
94725,rodini,1.0,M,F
32753,gilvani,0.5264507855081757,M,F
44356,jodeci,0.6915887850467289,M,F
49229,kenny,0.7609797297297297,M,F
18659,dierle,0.68,M,F
8354,atylla,1.0,M,F
94849,iasmir,1.0,F,M
917,adelvani,0.5135135135135135,M,F
13836,cleudimar,0.547085201793722,F,M
62592,nemesis,1.0,F,M
6291,angelim,1.0,M,F
50691,laone,0.6941747572815534,M,F
94830,oranir,0.5217391304347826,M,F
52560,liacir,0.5384615384615384,M,F
49284,kerles,0.6506024096385542,M,F
77156,tatsuya,1.0,M,F
39593,itami,0.7386363636363636,M,F
61501,narlen,1.0,F,M
74530,sileir,1.0,F,M
8055,asmin,1.0,F,M
64251,nour,1.0,F,M
27216,eucir,0.5,F,M
43903,joanadarc,1.0,F,M
20178,dorislei,1.0,F,M
34761,haly,1.0,M,F
7369,arimateia,0.941944847605225,M,F
34917,harue,1.0,F,M
29233,floripes,0.9661971830985916,F,M
315,acioni,0.6417910447761194,F,M
42183,jassanan,1.0,F,M
91207,helke,1.0,F,M
10929,cassy,1.0,M,F
14884,crystal,1.0,F,M
76743,talvane,0.9498956158663884,M,F
38435,iore,1.0,M,F
74310,sidi,0.8703703703703703,M,F
35271,heleonor,1.0,F,M
93976,hannan,1.0,F,M
88071,fugie,1.0,F,M
14401,costa,0.6107594936708861,M,F
76282,swamy,0.6,M,F
18043,deuzir,0.6,F,M
17846,deusdete,0.8166758696852567,M,F
27178,eucares,1.0,F,M
5737,anatividade,1.0,F,M
60417,moniquy,1.0,F,M
46507,jozi,0.8702064896755162,F,M
50030,klein,1.0,M,F
63560,nilsan,0.5294117647058824,F,M
96623,iaeco,1.0,F,M
57852,marlir,1.0,F,M
48196,karim,0.7860326894502229,F,M
92861,aurecir,0.7058823529411765,F,M
70344,rodinele,1.0,M,F
47056,julhy,1.0,F,M
59710,mileid,1.0,F,M
1960,ady,0.6138933764135702,F,M
54811,ludian,1.0,M,F
60593,munick,1.0,F,M
81365,ventura,0.7977707006369427,M,F
75871,suemis,1.0,F,M
83190,welem,0.7797356828193832,F,M
65803,orvile,1.0,M,F
23736,eliese,0.7380116959064328,M,F
87364,weselen,1.0,M,F
74065,shen,0.5520833333333334,M,F
60413,monique,0.9952944994320948,F,M
95441,rally,1.0,M,F
39322,ismaile,0.8590604026845637,M,F
61454,nardi,0.74822695035461,M,F
96677,iner,1.0,F,M
50408,lafaet,1.0,M,F
81210,vastil,1.0,F,M
9360,beline,0.8623188405797102,M,F
87236,arister,1.0,F,M
18893,dilu,1.0,F,M
17391,denni,1.0,M,F
4767,alucimar,0.6557377049180327,F,M
58924,meireles,0.6117021276595744,M,F
89712,natah,1.0,M,F
99818,amabi,1.0,F,M
20421,ducinei,0.7607361963190185,F,M
43213,jessyk,1.0,F,M
72573,saba,0.7307692307692307,M,F
70876,ronielli,0.7272727272727273,M,F
32659,gilsen,1.0,F,M
79763,valdereiz,1.0,F,M
62190,neidevan,1.0,F,M
55284,luys,1.0,M,F
6007,andrete,1.0,M,F
24216,elister,1.0,F,M
44980,joneci,0.7186311787072244,M,F
37428,idris,1.0,M,F
81627,vianez,1.0,M,F
65589,orismilde,1.0,M,F
77026,tarli,1.0,M,F
45973,josima,0.8238636363636364,M,F
93422,claudicei,1.0,F,M
84621,yael,1.0,F,M
8353,atyla,0.7254901960784313,M,F
78107,themys,1.0,F,M
11959,cidine,1.0,M,F
79124,uli,0.8138297872340425,F,M
61089,naier,1.0,F,M
36337,hind,1.0,F,M
75628,stephen,1.0,M,F
40826,jafet,1.0,M,F
37554,ihasmin,1.0,F,M
48082,kalu,1.0,F,M
56292,malu,0.9916259595254712,F,M
20705,ebi,0.7567567567567568,F,M
85497,zezim,1.0,M,F
96627,tomoco,1.0,F,M
20679,ebe,0.8655913978494624,F,M
77524,terence,1.0,M,F
50255,kyung,0.6829268292682927,F,M
45591,joselei,0.6004618937644342,M,F
5375,anabell,1.0,F,M
55288,luz,0.526467410875045,F,M
64359,obadia,1.0,M,F
32453,gildes,0.5555555555555556,M,F
39763,ivalci,0.5396825396825397,M,F
40460,jacenir,0.6923076923076923,M,F
90227,wevili,1.0,F,M
43274,jeuva,1.0,M,F
64379,oberda,1.0,M,F
96331,jurraci,1.0,F,M
39172,isauri,0.7354497354497355,F,M
40465,jaci,0.595800877428597,F,M
22009,edjone,1.0,M,F
91714,sayo,1.0,F,M
12331,claer,1.0,F,M
35861,hermany,1.0,M,F
54272,luamar,1.0,F,M
20982,edelves,1.0,F,M
66907,petruci,1.0,M,F
55106,lurde,1.0,F,M
8310,atila,0.8752851151497314,M,F
63082,nevile,1.0,M,F
67857,raiz,0.7362637362637363,F,M
35536,hely,0.6890156918687589,M,F
90078,izabell,1.0,F,M
85122,zain,0.5348837209302325,F,M
25786,erande,1.0,M,F
30100,fumi,1.0,F,M
96382,camen,1.0,F,M
65760,orotides,0.6198830409356725,M,F
43949,joanides,0.7205882352941176,M,F
66118,osvane,0.7752808988764045,M,F
77361,tele,0.6571428571428571,M,F
59068,melky,1.0,M,F
36383,hiroco,1.0,F,M
39450,issacar,1.0,M,F
27052,esther,0.9942181340341656,F,M
84609,xirley,1.0,F,M
96326,lyriel,1.0,F,M
98638,anabi,1.0,M,F
2620,akira,0.8931888544891641,M,F
55818,magaive,1.0,M,F
53547,liszt,1.0,M,F
25481,enes,0.6821917808219178,M,F
31045,genis,0.8225641025641026,M,F
79092,uira,0.8369905956112853,M,F
38332,inti,1.0,M,F
67726,raime,0.5891089108910891,M,F
26147,erin,0.7318840579710145,F,M
92373,editer,1.0,F,M
5283,amilka,0.624113475177305,M,F
18814,dilean,0.60828025477707,F,M
39156,isar,0.6766917293233082,F,M
75635,ster,0.9904030710172744,F,M
56988,marias,1.0,F,M
99729,assae,1.0,F,M
26665,ertile,1.0,M,F
41373,jance,0.7309941520467836,M,F
70806,ronele,1.0,M,F
14378,cosmar,1.0,F,M
42416,jecione,0.703030303030303,M,F
86989,marde,1.0,M,F
38556,iraja,0.9085051546391752,M,F
63286,nicolla,1.0,M,F
35434,helloar,1.0,F,M
93717,eradir,1.0,M,F
94068,eulem,1.0,M,F
58193,maryann,1.0,F,M
92501,dinorar,1.0,F,M
36812,iaeko,1.0,F,M
83126,weidy,0.5175438596491229,M,F
56596,marcides,1.0,M,F
2508,aires,0.8155114661169801,M,F
80681,vandely,0.5584415584415584,M,F
30079,friederich,1.0,M,F
77738,thaiss,1.0,F,M
81893,vinni,1.0,M,F
96292,dominy,1.0,M,F
38013,ilzimar,0.7474747474747475,F,M
51947,leocide,1.0,M,F
92681,yoneco,1.0,F,M
42550,jeifer,0.6,F,M
57840,marlin,0.6711281070745698,F,M
97662,claldeci,0.704225352112676,M,F
84607,xirlei,1.0,F,M
37717,ildener,0.9431818181818182,F,M
47944,kairam,1.0,M,F
76082,susan,1.0,F,M
67117,poty,1.0,M,F
4057,alezi,1.0,M,F
43662,jill,1.0,F,M
23284,eleone,0.5916666666666667,M,F
85045,yuzi,1.0,M,F
34390,guadalupe,0.970469798657718,F,M
13,abdala,1.0,M,F
97069,exilei,1.0,F,M
29586,francilu,1.0,F,M
26279,eriva,0.7039106145251397,M,F
77175,tauanes,1.0,F,M
2087,agassi,1.0,M,F
94987,sophi,1.0,F,M
16467,deguimar,0.6730769230769231,F,M
8091,assumpcao,1.0,F,M
40200,izair,0.7546666666666667,M,F
84913,young,0.5032467532467533,F,M
44913,jona,0.541814946619217,M,F
24507,ellery,1.0,M,F
5243,amenar,1.0,F,M
51062,lauridi,0.6231884057971014,M,F
12344,claidir,0.7009345794392523,F,M
81369,venus,0.7521367521367521,F,M
61093,naife,1.0,M,F
56152,maises,0.8157894736842105,M,F
84564,wylly,1.0,M,F
41832,japhet,1.0,M,F
28786,feli,0.7033898305084746,M,F
51384,ledamir,1.0,F,M
20766,eclair,0.6653061224489796,F,M
69202,resende,1.0,M,F
72858,samar,0.6713780918727915,F,M
88542,hesther,1.0,F,M
33376,glair,0.854320987654321,F,M
17236,deneri,0.6078431372549019,M,F
71744,rosiva,0.5555555555555556,M,F
3900,aleri,1.0,M,F
50485,lainer,1.0,F,M
38232,inger,1.0,F,M
83116,weide,0.5405405405405406,M,F
34704,hale,1.0,M,F
78630,tuli,1.0,M,F
30109,fussako,1.0,F,M
11651,chawa,1.0,F,M
91356,rodeni,1.0,M,F
4837,alvarenga,1.0,M,F
96746,ataci,1.0,M,F
77006,tarin,1.0,F,M
17218,denancir,0.6395348837209303,F,M
12617,claudenes,0.528169014084507,F,M
2413,aiko,0.8708551483420593,F,M
23731,elierge,1.0,F,M
2790,alari,0.5238095238095238,M,F
100423,kilde,1.0,M,F
8559,aumi,1.0,M,F
37687,ildei,1.0,F,M
73423,scharon,1.0,F,M
47734,juveci,0.7605633802816901,M,F
87369,delonir,0.5694444444444444,M,F
33536,glays,1.0,F,M
67870,rakell,1.0,F,M
39038,isabo,1.0,F,M
56081,mainar,0.5934065934065934,M,F
67298,quelme,1.0,M,F
72842,samadar,1.0,F,M
49657,kevine,0.572972972972973,M,F
1973,aede,1.0,F,M
93783,isaiaz,1.0,M,F
61307,naltair,1.0,M,F
97304,solly,1.0,M,F
51756,lelis,0.7262528047868362,M,F
55416,luzinal,1.0,M,F
33011,gisbel,1.0,F,M
90030,deborar,1.0,F,M
